"deutschland, germany","osterreich, oesterreich, austria, österreich","schweiz, switzerland","holland, niederlande, netherlands","polen, poland, polska","belgien, belgium","luxemburg, luxembourg","dänemark, danemark, daenemark, denmark","italien, italy","frankreich, france",portugal,"spanien, spain","uk, united kingdom, great britain, grossbritannien, großbritannien, vereinigtes königreich, england"
Berlin Deutschland,Wien Österreich,Genf Schweiz,Rotterdam Niederlande,Warschau Polen,Gent Belgien,Luxemburg,Kopenhagen Dänemark,Roma Italien,Paris Frankreich,Lissabon Portugal,Madrid Spanien,London UK
Hamburg Deutschland,Graz Österreich,Basel Schweiz,Den Haag Niederlande,Krakau Polen,Charleroi Belgien,Esch an der Alzette Luxemburg,Aarhus Dänemark,Milano Italien,Marseille Frankreich,Porto Portugal,Barcelona Spanien,Birmingham UK
München Deutschland,Linz Österreich,Bern Schweiz,Utrecht Niederlande,Lodz Polen,Lüttich Belgien,Hesperingen Luxemburg,Odense Dänemark,Napoli Italien,Lyon Frankreich,Vila Nova de Gaia Portugal,Valencia Spanien,Leeds UK
Köln Deutschland,Salzburg Österreich,Lausanne Schweiz,Eindhoven Niederlande,Breslau Polen,Brüssel Belgien,Wiltz Luxemburg,Aalborg Dänemark,Torino Italien,Toulouse Frankreich,Amadora Portugal,Sevilla Spanien,Glasgow UK
Frankfurt am Main Deutschland,Innsbruck Österreich,Winterthur Schweiz,Tilburg Niederlande,Posen Polen,Brügge Belgien,Differdingen Luxemburg,Frederiksberg Dänemark,Palermo Italien,Nice Frankreich,Braga Portugal,Saragossa Spanien,Sheffield UK
Stuttgart Deutschland,Klagenfurt am Wörthersee Österreich,Luzern Schweiz,Almere Niederlande,Danzig Polen,Schaarbeek Belgien,Düdelingen Luxemburg,Gentofte Dänemark,Genova Italien,Nantes Frankreich,Funchal Portugal,Málaga Spanien,Bradford UK
Düsseldorf Deutschland,Villach Österreich,St. Gallen Schweiz,Groningen Niederlande,Stettin Polen,Namur Belgien,Petingen Luxemburg,Esbjerg Dänemark,Bologna Italien,Strasbourg Frankreich,Coimbra Portugal,Murcia Spanien,Liverpool UK
Dortmund Deutschland,Wels Österreich,Lugano Schweiz,Breda Niederlande,Bromberg Polen,Anderlecht Belgien,Sassenheim Luxemburg,Gladsaxe Dänemark,Firenze Italien,Montpellier Frankreich,Setúbal Portugal,Palma Spanien,Edinburgh UK
Essen Deutschland,St. Pölten Österreich,Bienne Schweiz,Nijmegen Niederlande,Lublin Polen,Löwen Belgien,Hesperingen Luxemburg,Randers Dänemark,Bari Italien,Bordeaux Frankreich,Almada Portugal,Las Palmas de Gran Canaria Spanien,Manchester UK
Leipzig Deutschland,Dornbirn Österreich,Thun Schweiz,Apeldoorn Niederlande,Kattowitz Polen,Mons Belgien,Bettemburg Luxemburg,Kolding Dänemark,Catania Italien,Lille Frankreich,Agualva-Cacém Portugal,Bilbao Spanien,Bristol UK
Bremen Deutschland,Wiener Neustadt Österreich,Köniz Schweiz,Enschede Niederlande,Gdingen Polen,Molenbeek-Saint-Jean Belgien,Schifflingen Luxemburg,Horsens Dänemark,Venezia Italien,Rennes Frankreich,Queluz Portugal,Alicante Spanien,Kirklees UK
Dresden Deutschland,Steyr Österreich,La Chaux-de-Fonds Schweiz,Haarlem Niederlande,Tschenstochau Polen,Mechelen Belgien,flop,Lyngby-Taarbæk Dänemark,Verona Italien,Reims Frankreich,Rio Tinto Portugal,Córdoba Spanien,Fife UK
Hannover Deutschland,Feldkirch Österreich,Freiburg Schweiz,Arnhem Niederlande,Radom Polen,Ixelles Belgien,flop,Vejle Dänemark,Messina Italien,Le Havre Frankreich,Barreiro Portugal,Valladolid Spanien,Wirral UK
Nürnberg Deutschland,Bregenz Österreich,Schaffhausen Schweiz,Zaanstad Niederlande,Sosnowitz Polen,Aalst Belgien,flop,HvidovreA Dänemark,Padova Italien,Saint-Étienne Frankreich,Aveiro Portugal,Vigo Spanien,North Lanarkshire UK
Duisburg Deutschland,Leonding Österreich,Chur Schweiz,Amersfoort Niederlande,Thorn Polen,La Louvière Belgien,flop,Roskilde Dänemark,Trieste Italien,Toulon Frankreich,Viseu Portugal,Gijón Spanien,Wakefield UK
Bochum Deutschland,Klosterneuburg Österreich,Vernier Schweiz,Haarlemmermeer Niederlande,Kielce Polen,Ukkel Belgien,flop,Helsingør Dänemark,Taranto Italien,Grenoble Frankreich,Odivelas Portugal,L’Hospitalet de Llobregat Spanien,Cardiff UK
Wuppertal Deutschland,Baden Österreich,Neuenburg Schweiz,’s-Hertogenbosch Niederlande,Gleiwitz Polen,Kortrijk Belgien,flop,Herning Dänemark,Brescia Italien,Dijon Frankreich,Leiria Portugal,Vitoria-Gasteiz Spanien,Dudley UK
Bielefeld Deutschland,Wolfsberg Österreich,Uster Schweiz,Zoetermeer Niederlande,Hindenburg Polen,Hasselt Belgien,flop,Hørsholm Dänemark,Parma Italien,Nîmes Frankreich,Matosinhos Portugal,A Coruña Spanien,Wigan UK
Bonn Deutschland,Leoben Österreich,Sitten Schweiz,Dordrecht Niederlande,Beuthen Polen,Sint-Niklaas Belgien,flop,Silkeborg Dänemark,Prato Italien,Angers Frankreich,Guimarães Portugal,Granada Spanien,East Riding UK
Münster Deutschland,Krems an der Donau Österreich,Lancy Schweiz,Maastricht Niederlande,Bielitz-Biala Polen,Ostende Belgien,flop,Næstved Dänemark,Modena Italien,Villeurbanne Frankreich,Faro Portugal,Elche Spanien,South Lanarkshire UK
Karlsruhe Deutschland,Traun Österreich,Yverdon-les-Bains Schweiz,Leiden Niederlande,Allenstein Polen,Tournai Belgien,flop,Greve Strand Dänemark,Reggio Calabria Italien,Le Mans Frankreich,Loures Portugal,Oviedo Spanien,Coventry UK
Mannheim Deutschland,Amstetten Österreich,Emmen Schweiz,Zwolle Niederlande,Rzeszów Polen,Genk Belgien,flop,Tårnby Dänemark,Reggio nell’Emilia Italien,Aix-en-Provence Frankreich,Évora Portugal,Badalona Spanien,Belfast UK
Augsburg Deutschland,Kapfenberg Österreich,Zug Schweiz,Emmen Niederlande,Ruda Śląska Polen,Seraing Belgien,flop,Fredericia Dänemark,Perugia Italien,Clermont-Ferrand Frankreich,Rio de Mouro Portugal,Terrassa Spanien,Leicester UK
Wiesbaden Deutschland,Hallein Österreich,Kriens Schweiz,Ede Niederlande,Rybnik Polen,Roeselare Belgien,flop,Ballerup Dänemark,Ravenna Italien,Brest Frankreich,Corroios Portugal,Cartagena Spanien,Sunderland UK
Gelsenkirchen Deutschland,Mödling Österreich,Rapperswil-Jona Schweiz,Westland Niederlande,Tichau Polen,Verviers Belgien,flop,Rødovre Dänemark,Livorno Italien,Tours Frankreich,Amora Portugal,Jerez de la Frontera Spanien,Sandwell UK
Mönchengladbach Deutschland,Kufstein Österreich,Dübendorf Schweiz,Deventer Niederlande,Dombrowa Polen,Mouscron Belgien,flop,Viborg Dänemark,Cagliari Italien,Limoges Frankreich,São Domingos de Rana Portugal,Sabadell Spanien,Doncaster UK
Braunschweig Deutschland,Traiskirchen Österreich,Dietikon Schweiz,Delft Niederlande,Plotzk Polen,Woluwe-Saint-Lambert Belgien,flop,Køge Dänemark,Foggia Italien,Amiens Frankreich,Sesimbra Portugal,Móstoles Spanien,Stockport UK
Chemnitz Deutschland,Schwechat Österreich,Montreux Schweiz,Sittard-Geleen Niederlande,Oppeln Polen,Vorst Belgien,flop,Holstebro Dänemark,Rimini Italien,Annecy Frankreich,Ermesinde Portugal,Santa Cruz de Tenerife Spanien,Sefton UK
Kiel Deutschland,Braunau am Inn Österreich,Frauenfeld Schweiz,Alkmaar Niederlande,Elbing Polen,Beveren Belgien,flop,Brøndby Dänemark,Salerno Italien,Perpignan Frankreich,Portimão Portugal,Alcalá de Henares Spanien,Nottingham UK
Aachen Deutschland,Stockerau Österreich,Wetzikon Schweiz,Leeuwarden Niederlande,Landsberg an der Warthe Polen,Saint-Gilles Belgien,flop,Taastrup Dänemark,Ferrara Italien,Metz Frankreich,Maia Portugal,Pamplona Spanien,Newcastle-upon-Tyne UK
Halle (Saale) Deutschland,Saalfelden am Steinernen Meer Österreich,Wil Schweiz,Venlo Niederlande,Waldenburg Polen,Jette Belgien,flop,Slagelse Dänemark,Sassari Italien,Boulogne-Billancourt Frankreich,Cascais Portugal,Almería Spanien,Kingston-upon-Hull UK
Magdeburg Deutschland,Tulln an der Donau Österreich,Baar Schweiz,Heerlen Niederlande,Leslau Polen,Dendermonde Belgien,flop,Hillerød Dänemark,Latina Italien,Besançon Frankreich,Oeiras Portugal,Fuenlabrada Spanien,Bolton UK
Freiburg im Breisgau Deutschland,Hohenems Österreich,Meyrin Schweiz,Helmond Niederlande,Grünberg Polen,Etterbeek Belgien,flop,Albertslund Dänemark,Giugliano in Campania Italien,Orléans Frankreich,Castelo Branco Portugal,Leganés Spanien,Walsall UK
Krefeld Deutschland,Ansfelden Österreich,Bulle Schweiz,Hilversum Niederlande,Tarnau Polen,Beringen Belgien,flop,Sønderborg Dänemark,Monza Italien,Mulhouse Frankreich,Alcabideche Portugal,Donostia-San Sebastián Spanien,Plymouth UK
Lübeck Deutschland,Bruck an der Mur Österreich,Kreuzlingen Schweiz,Hengelo Niederlande,Königshütte Polen,Turnhout Belgien,flop,Holbæk Dänemark,Siracusa Italien,Saint-Denis Frankreich,Câmara de Lobos Portugal,Getafe Spanien,Rotherham UK
Oberhausen Deutschland,Spittal an der Drau Österreich,Wädenswil Schweiz,Amstelveen Niederlande,Kalisch Polen,Dilbeek Belgien,flop,Svendborg Dänemark,Pescara Italien,Rouen Frankreich,Alverca do Ribatejo Portugal,Burgos Spanien,Stoke-on-Trent UK
Erfurt Deutschland,Ternitz Österreich,Carouge Schweiz,Purmerend Niederlande,Köslin Polen,Heist-op-den-Berg Belgien,flop,Herlev Dänemark,Bergamo Italien,Argenteuil Frankreich,Arrentela Portugal,Santander Spanien,Wolverhampton UK
Mainz Deutschland,Bludenz Österreich,Riehen Schweiz,Roosendaal Niederlande,Liegnitz Polen,Woluwe-Saint-Pierre Belgien,flop,Hjørring Dänemark,Forlì Italien,Caen Frankreich,Póvoa de Santa Iria Portugal,Albacete Spanien,"Rhondda, Cynon, Taff UK"
Rostock Deutschland,Eisenstadt Österreich,Renens Schweiz,Oss Niederlande,Graudenz Polen,Sint-Truiden Belgien,flop,Frederikshavn Dänemark,Trento Italien,Montreuil Frankreich,Montijo Portugal,Castellón de la Plana Spanien,South Gloucestershire UK
Kassel Deutschland,Feldkirchen in Kärnten Österreich,Aarau Schweiz,Schiedam Niederlande,Stolp Polen,Lokeren Belgien,flop,Glostrup Dänemark,Vicenza Italien,Nancy Frankreich,flop,Alcorcón Spanien,Derby UK
Hagen Deutschland,Bad Ischl Österreich,Allschwil Schweiz,Spijkenisse Niederlande,Jaworzno Polen,Vilvoorde Belgien,flop,Nørresundby Dänemark,Terni Italien,Roubaix Frankreich,flop,San Cristóbal de La Laguna Spanien,Swansea UK
Hamm Deutschland,Hall in Tirol Österreich,Wettingen Schweiz,Lelystad Niederlande,Bad Königsdorff-Jastrzemb Polen,Herstal Belgien,flop,Haderslev Dänemark,Bolzano Italien,Tourcoing Frankreich,flop,Logroño Spanien,Salford UK
Saarbrücken Deutschland,Schwaz Österreich,Horgen Schweiz,Leidschendam-Voorburg Niederlande,Hirschberg Polen,Braine-l’Alleud Belgien,flop,Ringsted Dänemark,Novara Italien,Nanterre Frankreich,flop,Badajoz Spanien,Aberdeenshire UK
Mülheim an der Ruhr Deutschland,Wörgl Österreich,Nyon Schweiz,Almelo Niederlande,Neu Sandez Polen,Brasschaat Belgien,flop,Ølstykke-Stenløse Dänemark,Piacenza Italien,Avignon Frankreich,flop,Huelva Spanien,Barnsley UK
Potsdam Deutschland,Feldbach Österreich,Vevey Schweiz,Alphen aan den Rijn Niederlande,Konin Polen,Maasmechelen Belgien,flop,Skive Dänemark,Ancona Italien,Vitry-sur-Seine Frankreich,flop,Salamanca Spanien,Tameside UK
Ludwigshafen am Rhein Deutschland,Marchtrenk Österreich,Bülach Schweiz,Gouda Niederlande,Petrikau Polen,Ninove Belgien,flop,Birkerød Dänemark,Andria Italien,Créteil Frankreich,flop,Marbella Spanien,Oldham UK
Oldenburg Deutschland,Gmunden Österreich,Reinach Schweiz,Vlaardingen Niederlande,Siedlce Polen,Waregem Belgien,flop,Rudersdal Dänemark,Arezzo Italien,Dunkerque[] Frankreich,flop,Lleida0 Spanien,Trafford UK
Leverkusen Deutschland,Neunkirchen Österreich,Baden Schweiz,Hoorn Niederlande,"Inowrazlaw, Hohensalza Polen",Châtelet Belgien,flop,Ishøj Dänemark,Udine Italien,Poitiers Frankreich,flop,Dos Hermanas Spanien,Aberdeen UK
Osnabrück Deutschland,Korneuburg Österreich,Adliswil Schweiz,Velsen Niederlande,Lüben Polen,Geel Belgien,flop,Farum Dänemark,Cesena Italien,Asnières-sur-Seine Frankreich,flop,Tarragona Spanien,Southampton UK
Solingen Deutschland,Knittelfeld Österreich,Volketswil Schweiz,Bergen op Zoom Niederlande,Myslowitz Polen,Halle Belgien,flop,Skanderborg Dänemark,Lecce Italien,Versailles Frankreich,flop,Torrejón de Ardoz Spanien,Highland UK
Heidelberg Deutschland,Sankt Veit an der Glan Österreich,Kloten Schweiz,Assen Niederlande,Schneidemühl Polen,Ypern Belgien,flop,flop,Barletta Italien,Courbevoie Frankreich,flop,León Spanien,Rochdale UK
Herne Deutschland,Vöcklabruck Österreich,Onex Schweiz,Capelle aan den IJssel Niederlande,Ostrowiec Świętokrzyski Polen,Grimbergen Belgien,flop,flop,Pesaro Italien,Colombes Frankreich,flop,Mataró Spanien,Solihull UK
Neuss Deutschland,Leibnitz Österreich,Bellinzona Schweiz,Veenendaal Niederlande,Ostrowo Polen,Knokke-Heist Belgien,flop,flop,Alessandria Italien,Aulnay-sous-Bois Frankreich,flop,Parla Spanien,Gateshead UK
Darmstadt Deutschland,Lienz Österreich,Gossau Schweiz,Nieuwegein Niederlande,"Siemianowitz, Laurahütte Polen",Evere Belgien,flop,flop,La Spezia Italien,Cherbourg-en-Cotentin[] Frankreich,flop,Algeciras Spanien,Milton Keynes UK
Paderborn Deutschland,Bad Vöslau Österreich,Schlieren Schweiz,Katwijk Niederlande,Stargard in Pommern Polen,Lier Belgien,flop,flop,Catanzaro Italien,Aubervilliers Frankreich,flop,Cádiz Spanien,North Tyneside UK
Regensburg Deutschland,Enns Österreich,Thalwil Schweiz,Zeist Niederlande,Pabianice Polen,Schoten Belgien,flop,flop,Pistoia Italien,Rueil-Malmaison Frankreich,flop,Santa Coloma de Gramanet Spanien,Calderdale UK
Ingolstadt Deutschland,Ried im Innkreis Österreich,Pully Schweiz,Hardenberg Niederlande,Gnesen Polen,Mol Belgien,flop,flop,Pisa Italien,Pau Frankreich,flop,Jaén Spanien,Northampton UK
Würzburg Deutschland,Hollabrunn Österreich,Glarus Nord 5 Schweiz,Den Helder Niederlande,Suwalken Polen,Wavre Belgien,flop,flop,Guidonia Montecelio Italien,Champigny-sur-Marne Frankreich,flop,Alcobendas Spanien,Portsmouth UK
Fürth Deutschland,Deutschlandsberg Österreich,Muttenz Schweiz,Doetinchem Niederlande,Glogau Polen,Binche Belgien,flop,flop,Lucca Italien,Calais Frankreich,flop,Ourense Spanien,Warrington UK
Wolfsburg Deutschland,Mistelbach Österreich,Regensdorf Schweiz,Terneuzen Niederlande,Chełm Polen,Menen Belgien,flop,flop,Brindisi Italien,Antibes Frankreich,flop,Reus Spanien,North Somerset UK
Offenbach am Main Deutschland,Weiz Österreich,Monthey Schweiz,Smallingerland Niederlande,Premissel Polen,Evergem Belgien,flop,flop,Torre del Greco Italien,Béziers Frankreich,flop,Telde Spanien,Bury UK
Ulm Deutschland,Waidhofen an der Ybbs Österreich,Olten Schweiz,Hoogeveen Niederlande,Zamość Polen,Lommel Belgien,flop,flop,Como Italien,Saint-Maur-des-Fossés Frankreich,flop,Barakaldo Spanien,Luton UK
Heilbronn Deutschland,Gänserndorf Österreich,Martigny Schweiz,Roermond Niederlande,Tomaszów Mazowiecki Polen,Tienen Belgien,flop,flop,Treviso Italien,La Rochelle Frankreich,flop,Lugo Spanien,St Helens UK
Pforzheim Deutschland,Trofaiach Österreich,Opfikon Schweiz,Oosterhout Niederlande,Kandrzin-Cosel Polen,Geraardsbergen Belgien,flop,flop,Busto Arsizio Italien,Cannes Frankreich,flop,Girona Spanien,Stockton-on-Tees UK
Göttingen Deutschland,Zwettl-Niederösterreich Österreich,Ostermundigen Schweiz,Barneveld Niederlande,Stalowa Wola Polen,Heusden-Zolder Belgien,flop,flop,Marsala Italien,Saint-Nazaire Frankreich,flop,Santiago de Compostela Spanien,Renfrewshire UK
Bottrop Deutschland,Völkermarkt Österreich,Siders Schweiz,Heerhugowaard Niederlande,Lissa Polen,Sint-Pieters-Leeuw Belgien,flop,flop,Grosseto Italien,Mérignac Frankreich,flop,San Fernando Spanien,York UK
Trier Deutschland,St. Johann im Pongau Österreich,Solothurn Schweiz,flop,Lomscha Polen,Wevelgem Belgien,flop,flop,Sesto San Giovanni Italien,Drancy Frankreich,flop,Cáceres Spanien,Thamesdown UK
Recklinghausen Deutschland,Gerasdorf bei Wien Österreich,Grenchen Schweiz,flop,Sohrau Polen,Ottignies-Louvain-la-Neuve Belgien,flop,flop,Pozzuoli Italien,Colmar Frankreich,flop,Las Rozas de Madrid Spanien,Southend-on-Sea UK
Reutlingen Deutschland,Groß-Enzersdorf Österreich,Val-de-Ruz 6 Schweiz,flop,Bełchatów Polen,Bilzen Belgien,flop,flop,Varese Italien,Ajaccio Frankreich,flop,Roquetas de Mar Spanien,New Forest UK
Bremerhaven Deutschland,Ebreichsdorf Österreich,Illnau-Effretikon Schweiz,flop,Mielec Polen,Houthalen-Helchteren Belgien,flop,flop,Fiumicino Italien,Issy-les-Moulineaux Frankreich,flop,Lorca Spanien,Caerphilly UK
Koblenz Deutschland,Gleisdorf Österreich,Burgdorf Schweiz,flop,Tarnowitz Polen,flop,flop,flop,Casoria Italien,Bourges Frankreich,flop,Sant Cugat del Vallès Spanien,Carmarthenshire UK
Bergisch Gladbach Deutschland,Seekirchen am Wallersee Österreich,Freienbach Schweiz,flop,Dirschau Polen,flop,flop,flop,Caserta Italien,Levallois-Perret Frankreich,flop,El Ejido Spanien,Bath & North East Somerset UK
Jena Deutschland,Bischofshofen Österreich,Locarno Schweiz,flop,Schweidnitz Polen,flop,flop,flop,Asti Italien,La Seyne-sur-Mer Frankreich,flop,El Puerto de Santa María Spanien,Wycombe UK
Remscheid Deutschland,Imst Österreich,Steffisburg Schweiz,flop,Deutsch Piekar Polen,flop,flop,flop,Gela Italien,Noisy-le-Grand Frankreich,flop,San Sebastián de los Reyes Spanien,Basildon UK
Erlangen Deutschland,Judenburg Österreich,Pratteln Schweiz,flop,Bendzin Polen,flop,flop,flop,Cinisello Balsamo Italien,Quimper Frankreich,flop,Cornellà de Llobregat Spanien,Bournemouth UK
Moers Deutschland,Sankt Andrä Österreich,Cham Schweiz,flop,Zgierz Polen,flop,flop,flop,Aprilia Italien,Cergy Frankreich,flop,Melilla Spanien,Peterborough UK
Siegen Deutschland,flop,Herisau Schweiz,flop,Biała Podlaska Polen,flop,flop,flop,Ragusa Italien,Villeneuve-d’Ascq Frankreich,flop,Coslada Spanien,North East Lincolnshire UK
Hildesheim Deutschland,flop,Morges Schweiz,flop,Ratibor Polen,flop,flop,flop,Pavia Italien,Vénissieux Frankreich,flop,Talavera de la Reina Spanien,Chelmsford UK
Salzgitter Deutschland,flop,Wohlen Schweiz,flop,Lyck Polen,flop,flop,flop,Cremona Italien,Valence Frankreich,flop,Orihuela Spanien,Brighton UK
Cottbus Deutschland,flop,Wallisellen Schweiz,flop,Pruszków Polen,flop,flop,flop,Quartu Sant’Elena Italien,Neuilly-sur-Seine Frankreich,flop,Torrevieja Spanien,South Tyneside UK
Kaiserslautern Deutschland,flop,Langenthal  Schweiz,flop,Schwientochlowitz Polen,flop,flop,flop,Carpi Italien,Antony Frankreich,flop,Avilés Spanien,Charnwood UK
Gütersloh Deutschland,flop,Binningen Schweiz,flop,Ostrolenka Polen,flop,flop,flop,Lamezia Terme Italien,Pessac Frankreich,flop,Palencia Spanien,Aylesbury Vale UK
Schwerin Deutschland,flop,Einsiedeln Schweiz,flop,Starachowice Polen,flop,flop,flop,Altamura Italien,Troyes Frankreich,flop,Pozuelo de Alarcón Spanien,Colchester UK
Witten Deutschland,flop,Mendrisio Schweiz,flop,flop,flop,flop,flop,Imola Italien,Ivry-sur-Seine Frankreich,flop,Sant Boi de Llobregat Spanien,Knowsley UK
Gera Deutschland,flop,Schwyz  Schweiz,flop,flop,flop,flop,flop,L’Aquila Italien,Clichy Frankreich,flop,Getxo Spanien,North Lincolnshire UK
Iserlohn Deutschland,flop,Lyss Schweiz,flop,flop,flop,flop,flop,Massa Italien,Chambéry Frankreich,flop,Guadalajara Spanien,Huntingdonshire UK
Ludwigsburg Deutschland,flop,Arbon Schweiz,flop,flop,flop,flop,flop,Trapani Italien,Montauban Frankreich,flop,Toledo Spanien,Macclesfield UK
Hanau Deutschland,flop,Thônex Schweiz,flop,flop,flop,flop,flop,Cosenza Italien,Niort Frankreich,flop,Pontevedra Spanien,Blackpool UK
Esslingen am Neckar Deutschland,flop,Liestal Schweiz,flop,flop,flop,flop,flop,Viterbo Italien,Villejuif Frankreich,flop,Gandia Spanien,West Lothian UK
Zwickau Deutschland,flop,Stäfa Schweiz,flop,flop,flop,flop,flop,Potenza Italien,Lorient Frankreich,flop,Ceuta Spanien,South Somerset UK
Düren Deutschland,flop,Küsnacht Schweiz,flop,flop,flop,flop,flop,Castellammare di Stabia Italien,Sarcelles Frankreich,flop,Torrent Spanien,Dundee UK
Ratingen Deutschland,flop,Horw Schweiz,flop,flop,flop,flop,flop,Afragola Italien,Hyères Frankreich,flop,Chiclana de la Frontera Spanien,Basingstoke & Deane UK
Tübingen Deutschland,flop,Meilen Schweiz,flop,flop,flop,flop,flop,Vittoria Italien,Saint-Quentin Frankreich,flop,Arona Spanien,Harrogate UK
Flensburg Deutschland,flop,Oftringen Schweiz,flop,flop,flop,flop,flop,Vigevano Italien,Épinay-sur-Seine Frankreich,flop,Manresa Spanien,Dumfries & Galloway UK
Lünen Deutschland,flop,Versoix Schweiz,flop,flop,flop,flop,flop,Pomezia Italien,Pantin Frankreich,flop,Ferrol Spanien,Middlesbrough UK
Villingen-Schwenningen Deutschland,flop,Richterswil Schweiz,flop,flop,flop,flop,flop,Caltanissetta Italien,Maisons-Alfort Frankreich,flop,Vélez-Málaga Spanien,Flintshire UK
Gießen Deutschland,flop,Muri bei Bern Schweiz,flop,flop,flop,flop,flop,Carrara Italien,Beauvais Frankreich,flop,Ciudad Real Spanien,Rochester-upon-Medway UK
Marl Deutschland,flop,Brig-Glis Schweiz,flop,flop,flop,flop,flop,Crotone Italien,Le Blanc-Mesnil Frankreich,flop,Rubí Spanien,The Wrekin UK
Dessau-Roßlau Deutschland,flop,Rheinfelden Schweiz,flop,flop,flop,flop,flop,Viareggio Italien,Cholet Frankreich,flop,Mijas Spanien,Newbury UK
Konstanz Deutschland,flop,flop,flop,flop,flop,flop,flop,Savona Italien,Chelles Frankreich,flop,Benidorm Spanien,Falkirk UK
Worms Deutschland,flop,flop,flop,flop,flop,flop,flop,Fano Italien,Évry Frankreich,flop,Fuengirola Spanien,Reading UK
Minden Deutschland,flop,flop,flop,flop,flop,flop,flop,Matera Italien,Meaux Frankreich,flop,Alcalá de Guadaíra Spanien,Wokingham UK
Velbert Deutschland,flop,flop,flop,flop,flop,flop,flop,Legnano Italien,Fréjus Frankreich,flop,Ponferrada Spanien,Windsor & Maidenhead UK
Neumünster Deutschland,flop,flop,flop,flop,flop,flop,flop,Marano di Napoli Italien,Fontenay-sous-Bois Frankreich,flop,Zamora Spanien,Maidstone UK
Norderstedt Deutschland,flop,flop,flop,flop,flop,flop,flop,Benevento Italien,La Roche-sur-Yon Frankreich,flop,Majadahonda Spanien,Redcar & Cleveland UK
Delmenhorst Deutschland,flop,flop,flop,flop,flop,flop,flop,Agrigento Italien,Bondy Frankreich,flop,Sagunto Spanien,North Ayrshire UK
Wilhelmshaven Deutschland,flop,flop,flop,flop,flop,flop,flop,Molfetta Italien,Vannes Frankreich,flop,Vilanova i la Geltrú Spanien,Blackburn UK
Viersen Deutschland,flop,flop,flop,flop,flop,flop,flop,Acerra Italien,Narbonne Frankreich,flop,Rivas-Vaciamadrid Spanien,Neath Port Talbot UK
Gladbeck Deutschland,flop,flop,flop,flop,flop,flop,flop,Olbia Italien,Arles Frankreich,flop,Sanlúcar de Barrameda Spanien,Poole UK
Dorsten Deutschland,flop,flop,flop,flop,flop,flop,flop,Faenza Italien,Clamart Frankreich,flop,La Línea de la Concepción Spanien,Wealden UK
Rheine Deutschland,flop,flop,flop,flop,flop,flop,flop,Cerignola Italien,Sartrouville Frankreich,flop,Torremolinos Spanien,Arun UK
Detmold Deutschland,flop,flop,flop,flop,flop,flop,flop,Moncalieri Italien,Bobigny Frankreich,flop,El Prat de Llobregat Spanien,Bedford UK
Troisdorf Deutschland,flop,flop,flop,flop,flop,flop,flop,Manfredonia Italien,Grasse Frankreich,flop,Estepona Spanien,Oxford UK
Castrop-Rauxel Deutschland,flop,flop,flop,flop,flop,flop,flop,Foligno Italien,Sevran Frankreich,flop,Viladecans Spanien,Lancaster UK
Lüneburg Deutschland,flop,flop,flop,flop,flop,flop,flop,Tivoli Italien,Laval Frankreich,flop,Molina de Segura Spanien,Newport UK
Marburg Deutschland,flop,flop,flop,flop,flop,flop,flop,Trani Italien,flop,flop,Paterna Spanien,Canterbury UK
Arnsberg Deutschland,flop,flop,flop,flop,flop,flop,flop,Cuneo Italien,flop,flop,Alcoy Spanien,Preston UK
Lüdenscheid Deutschland,flop,flop,flop,flop,flop,flop,flop,Bisceglie Italien,flop,flop,Linares Spanien,Dacorum UK
Bamberg Deutschland,flop,flop,flop,flop,flop,flop,flop,Bitonto Italien,flop,flop,Santa Lucía de Tirajana Spanien,Cherwell UK
Bayreuth Deutschland,flop,flop,flop,flop,flop,flop,flop,Bagheria Italien,flop,flop,Irun Spanien,Perth & Kinross UK
Brandenburg an der Havel Deutschland,flop,flop,flop,flop,flop,flop,flop,Portici Italien,flop,flop,Castelldefels Spanien,Thurrock UK
Bocholt Deutschland,flop,flop,flop,flop,flop,flop,flop,Teramo Italien,flop,flop,Granollers Spanien,Tendring UK
Celle Deutschland,flop,flop,flop,flop,flop,flop,flop,Sanremo Italien,flop,flop,Motril Spanien,Kings Lynn & West Norfolk UK
Landshut Deutschland,flop,flop,flop,flop,flop,flop,flop,Avellino Italien,flop,flop,Arrecife Spanien,St Albans UK
Aschaffenburg Deutschland,flop,flop,flop,flop,flop,flop,flop,Modica Italien,flop,flop,Valdemoro Spanien,Bridgend UK
Dinslaken Deutschland,flop,flop,flop,flop,flop,flop,flop,Anzio Italien,flop,flop,Cerdanyola del Vallès Spanien,South Cambridgeshire UK
Aalen Deutschland,flop,flop,flop,flop,flop,flop,flop,Siena Italien,flop,flop,Segovia Spanien,Braintree UK
Fulda Deutschland,flop,flop,flop,flop,flop,flop,flop,San Severo Italien,flop,flop,Ávila Spanien,Norwich UK
Lippstadt Deutschland,flop,flop,flop,flop,flop,flop,flop,Montesilvano Italien,flop,flop,Benalmádena Spanien,Thanet UK
Kempten (Allgäu) Deutschland,flop,flop,flop,flop,flop,flop,flop,Cava de’ Tirreni Italien,flop,flop,Torrelavega Spanien,Isle of Wight UK
Herford Deutschland,flop,flop,flop,flop,flop,flop,flop,Ercolano Italien,flop,flop,Mérida Spanien,Mid Sussex UK
Kerpen Deutschland,flop,flop,flop,flop,flop,flop,flop,Velletri Italien,flop,flop,Elda Spanien,South Oxfordshire UK
Plauen Deutschland,flop,flop,flop,flop,flop,flop,flop,Gallarate Italien,flop,flop,Collado Villalba Spanien,Guildford UK
Neuwied Deutschland,flop,flop,flop,flop,flop,flop,flop,Aversa Italien,flop,flop,Cuenca Spanien,Elmbridge UK
Weimar Deutschland,flop,flop,flop,flop,flop,flop,flop,Civitavecchia Italien,flop,flop,Aranjuez Spanien,Stafford UK
Dormagen Deutschland,flop,flop,flop,flop,flop,flop,flop,Acireale Italien,flop,flop,Mollet del Vallès Spanien,Powys UK
Sindelfingen Deutschland,flop,flop,flop,flop,flop,flop,flop,Rovigo Italien,flop,flop,San Vicente del Raspeig Spanien,East Hertfordshire UK
Neubrandenburg Deutschland,flop,flop,flop,flop,flop,flop,flop,Mazara del Vallo Italien,flop,flop,Puertollano Spanien,Torbay UK
Grevenbroich Deutschland,flop,flop,flop,flop,flop,flop,flop,Chieti Italien,flop,flop,San Bartolomé de Tirajana Spanien,Wrexham Maelor UK
Rüsselsheim am Main Deutschland,flop,flop,flop,flop,flop,flop,flop,Pordenone Italien,flop,flop,Huesca Spanien,East Devon UK
Rosenheim Deutschland,flop,flop,flop,flop,flop,flop,flop,Battipaglia Italien,flop,flop,Calvià Spanien,East Lindsey UK
Herten Deutschland,flop,flop,flop,flop,flop,flop,flop,Scafati Italien,flop,flop,Villarreal Spanien,Halton UK
Wesel Deutschland,flop,flop,flop,flop,flop,flop,flop,Rho Italien,flop,flop,Arganda del Rey Spanien,Warwick UK
Garbsen Deutschland,flop,flop,flop,flop,flop,flop,flop,Scandicci Italien,flop,flop,Siero Spanien,East Ayrshire UK
Bergheim Deutschland,flop,flop,flop,flop,flop,flop,flop,flop,flop,flop,Utrera Spanien,Newcastle-under-Lyme UK
Schwäbisch Gmünd Deutschland,flop,flop,flop,flop,flop,flop,flop,flop,flop,flop,flop,North Wiltshire UK
Hürth Deutschland,flop,flop,flop,flop,flop,flop,flop,flop,flop,flop,flop,South Kesteven UK
Unna Deutschland,flop,flop,flop,flop,flop,flop,flop,flop,flop,flop,flop,Epping Forest UK
Friedrichshafen Deutschland,flop,flop,flop,flop,flop,flop,flop,flop,flop,flop,flop,Vale of Glamorgan UK
Offenburg Deutschland,flop,flop,flop,flop,flop,flop,flop,flop,flop,flop,flop,Reigate & Banstead UK
Frankfurt (Oder) Deutschland,flop,flop,flop,flop,flop,flop,flop,flop,flop,flop,flop,Chester UK
Stralsund Deutschland,flop,flop,flop,flop,flop,flop,flop,flop,flop,flop,flop,Mid Bedfordshire UK
Langenfeld (Rheinland) Deutschland,flop,flop,flop,flop,flop,flop,flop,flop,flop,flop,flop,Suffolk Coastal UK
Greifswald Deutschland,flop,flop,flop,flop,flop,flop,flop,flop,flop,flop,flop,Horsham UK
Neu-Ulm Deutschland,flop,flop,flop,flop,flop,flop,flop,flop,flop,flop,flop,Nuneaton & Bedworth UK
Göppingen Deutschland,flop,flop,flop,flop,flop,flop,flop,flop,flop,flop,flop,Gwynedd UK
Euskirchen Deutschland,flop,flop,flop,flop,flop,flop,flop,flop,flop,flop,flop,Swale UK
Stolberg (Rheinland) Deutschland,flop,flop,flop,flop,flop,flop,flop,flop,flop,flop,flop,Havant & Waterloo UK
Hameln Deutschland,flop,flop,flop,flop,flop,flop,flop,flop,flop,flop,flop,Teignbridge UK
Eschweiler Deutschland,flop,flop,flop,flop,flop,flop,flop,flop,flop,flop,flop,Cambridge UK
Sankt Augustin Deutschland,flop,flop,flop,flop,flop,flop,flop,flop,flop,flop,flop,Vale Royal UK
Görlitz Deutschland,flop,flop,flop,flop,flop,flop,flop,flop,flop,flop,flop,Amber Valley UK
Hilden Deutschland,flop,flop,flop,flop,flop,flop,flop,flop,flop,flop,flop,North Hertfordshire UK
Meerbusch Deutschland,flop,flop,flop,flop,flop,flop,flop,flop,flop,flop,flop,South Ayrshire UK
Hattingen Deutschland,flop,flop,flop,flop,flop,flop,flop,flop,flop,flop,flop,Waverley UK
Waiblingen Deutschland,flop,flop,flop,flop,flop,flop,flop,flop,flop,flop,flop,Broadland UK
Pulheim Deutschland,flop,flop,flop,flop,flop,flop,flop,flop,flop,flop,flop,Crewe & Nantwich UK
Baden-Baden Deutschland,flop,flop,flop,flop,flop,flop,flop,flop,flop,flop,flop,Breckland UK
Menden (Sauerland) Deutschland,flop,flop,flop,flop,flop,flop,flop,flop,flop,flop,flop,Ipswich UK
Bad Salzuflen Deutschland,flop,flop,flop,flop,flop,flop,flop,flop,flop,flop,flop,Pembrokeshire UK
Langenhagen Deutschland,flop,flop,flop,flop,flop,flop,flop,flop,flop,flop,flop,Vale of White Horse UK
Nordhorn Deutschland,flop,flop,flop,flop,flop,flop,flop,flop,flop,flop,flop,Salisbury UK
Lingen (Ems) Deutschland,flop,flop,flop,flop,flop,flop,flop,flop,flop,flop,flop,Gedling UK
Bad Homburg vor der Höhe Deutschland,flop,flop,flop,flop,flop,flop,flop,flop,flop,flop,flop,Eastleigh UK
Neustadt an der Weinstraße Deutschland,flop,flop,flop,flop,flop,flop,flop,flop,flop,flop,flop,Broxtowe UK
Ahlen Deutschland,flop,flop,flop,flop,flop,flop,flop,flop,flop,flop,flop,Stratford-on-Avon UK
Wolfenbüttel Deutschland,flop,flop,flop,flop,flop,flop,flop,flop,flop,flop,flop,South Bedfordshire UK
Frechen Deutschland,flop,flop,flop,flop,flop,flop,flop,flop,flop,flop,flop,Angus UK
Schweinfurt Deutschland,flop,flop,flop,flop,flop,flop,flop,flop,flop,flop,flop,East Hampshire UK
Wetzlar Deutschland,flop,flop,flop,flop,flop,flop,flop,flop,flop,flop,flop,East Dunbartonshire UK
Ibbenbüren Deutschland,flop,flop,flop,flop,flop,flop,flop,flop,flop,flop,flop,Conway UK
Goslar Deutschland,flop,flop,flop,flop,flop,flop,flop,flop,flop,flop,flop,Sevenoaks UK
Willich Deutschland,flop,flop,flop,flop,flop,flop,flop,flop,flop,flop,flop,Slough UK
Emden Deutschland,flop,flop,flop,flop,flop,flop,flop,flop,flop,flop,flop,Bracknell Forest UK
Passau Deutschland,flop,flop,flop,flop,flop,flop,flop,flop,flop,flop,flop,West Lancashire UK
Gummersbach Deutschland,flop,flop,flop,flop,flop,flop,flop,flop,flop,flop,flop,West Wiltshire UK
Speyer Deutschland,flop,flop,flop,flop,flop,flop,flop,flop,flop,flop,flop,Ashfield UK
Ravensburg Deutschland,flop,flop,flop,flop,flop,flop,flop,flop,flop,flop,flop,Lisburn UK
Erftstadt Deutschland,flop,flop,flop,flop,flop,flop,flop,flop,flop,flop,flop,Scarborough UK
Kleve Deutschland,flop,flop,flop,flop,flop,flop,flop,flop,flop,flop,flop,Stroud UK
Bad Kreuznach Deutschland,flop,flop,flop,flop,flop,flop,flop,flop,flop,flop,flop,Wychavon UK
Peine Deutschland,flop,flop,flop,flop,flop,flop,flop,flop,flop,flop,flop,Waveney UK
Lörrach Deutschland,flop,flop,flop,flop,flop,flop,flop,flop,flop,flop,flop,Exeter UK
Bad Oeynhausen Deutschland,flop,flop,flop,flop,flop,flop,flop,flop,flop,flop,flop,Dover UK
Böblingen Deutschland,flop,flop,flop,flop,flop,flop,flop,flop,flop,flop,flop,Test Valley UK
Elmshorn Deutschland,flop,flop,flop,flop,flop,flop,flop,flop,flop,flop,flop,Gloucester UK
Frankenthal (Pfalz) Deutschland,flop,flop,flop,flop,flop,flop,flop,flop,flop,flop,flop,Erewash UK
Cuxhaven Deutschland,flop,flop,flop,flop,flop,flop,flop,flop,flop,flop,flop,Cheltenham UK
Rastatt Deutschland,flop,flop,flop,flop,flop,flop,flop,flop,flop,flop,flop,Bassetlaw UK